-- MySQL dump 10.13  Distrib 8.0.44, for Win64 (x86_64)
--
-- Host: localhost    Database: fitness_db
-- ------------------------------------------------------
-- Server version	9.5.0

/*!40101 SET @OLD_CHARACTER_SET_CLIENT=@@CHARACTER_SET_CLIENT */;
/*!40101 SET @OLD_CHARACTER_SET_RESULTS=@@CHARACTER_SET_RESULTS */;
/*!40101 SET @OLD_COLLATION_CONNECTION=@@COLLATION_CONNECTION */;
/*!50503 SET NAMES utf8 */;
/*!40103 SET @OLD_TIME_ZONE=@@TIME_ZONE */;
/*!40103 SET TIME_ZONE='+00:00' */;
/*!40014 SET @OLD_UNIQUE_CHECKS=@@UNIQUE_CHECKS, UNIQUE_CHECKS=0 */;
/*!40014 SET @OLD_FOREIGN_KEY_CHECKS=@@FOREIGN_KEY_CHECKS, FOREIGN_KEY_CHECKS=0 */;
/*!40101 SET @OLD_SQL_MODE=@@SQL_MODE, SQL_MODE='NO_AUTO_VALUE_ON_ZERO' */;
/*!40111 SET @OLD_SQL_NOTES=@@SQL_NOTES, SQL_NOTES=0 */;
SET @MYSQLDUMP_TEMP_LOG_BIN = @@SESSION.SQL_LOG_BIN;
SET @@SESSION.SQL_LOG_BIN= 0;

--
-- GTID state at the beginning of the backup 
--

SET @@GLOBAL.GTID_PURGED=/*!80000 '+'*/ '4361d155-b5ab-11f0-af44-74563c022729:1-862';

--
-- Table structure for table `exercises`
--

DROP TABLE IF EXISTS `exercises`;
/*!40101 SET @saved_cs_client     = @@character_set_client */;
/*!50503 SET character_set_client = utf8mb4 */;
CREATE TABLE `exercises` (
  `exercise_id` int NOT NULL AUTO_INCREMENT,
  `name` varchar(100) CHARACTER SET utf8mb4 COLLATE utf8mb4_unicode_ci NOT NULL,
  `muscle_group` varchar(50) CHARACTER SET utf8mb4 COLLATE utf8mb4_unicode_ci DEFAULT NULL,
  `description` text CHARACTER SET utf8mb4 COLLATE utf8mb4_unicode_ci,
  `difficulty` enum('новичок','средний','продвинутый') CHARACTER SET utf8mb4 COLLATE utf8mb4_unicode_ci DEFAULT 'новичок',
  `equipment` varchar(100) CHARACTER SET utf8mb4 COLLATE utf8mb4_unicode_ci DEFAULT NULL,
  `previewImage` varchar(100) CHARACTER SET utf8mb4 COLLATE utf8mb4_unicode_ci DEFAULT NULL,
  `tutorialImage` varchar(100) CHARACTER SET utf8mb3 COLLATE utf8mb3_general_ci DEFAULT NULL,
  PRIMARY KEY (`exercise_id`)
) ENGINE=InnoDB AUTO_INCREMENT=49 DEFAULT CHARSET=utf8mb4 COLLATE=utf8mb4_unicode_ci;
/*!40101 SET character_set_client = @saved_cs_client */;

--
-- Dumping data for table `exercises`
--

LOCK TABLES `exercises` WRITE;
/*!40000 ALTER TABLE `exercises` DISABLE KEYS */;
INSERT INTO `exercises` VALUES (5,'Отжимания','Грудь','А. Примите упор лёжа, руки на ширине плеч, тело — прямая линия от головы до пят.\nБ. Медленно опуститесь, сгибая руки в локтях, пока грудь почти не коснётся пола.\nВ. Сохраняя контроль, выжмите себя вверх, полностью выпрямляя руки.\nГ. Не прогибайте поясницу и держите корпус напряжённым.\nД. Повторяйте движение равномерно, сохраняя дыхание.','новичок','Без оборудования','otzhimania.png','otzhimania.gif'),(6,'Жим гантелей на наклонной скамье','Грудь','А. Установите скамью под углом 30–45 градусов.\nБ. Сядьте и возьмите гантели, удерживая их на уровне плеч, ладони вперёд.\nВ. Одновременно выжмите гантели вверх над грудью, сводя их в верхней точке.\nГ. Медленно опустите гантели в исходное положение, растягивая грудные мышцы.\nД. Повторите нужное количество раз, контролируя движение и дыхание.','средний','Гантели, скамья','zhimnanaknonnoy.png','zhimnanaknonnoy.gif'),(7,'Тяга верхнего блока','Спина','А. Сядьте на тренажёр верхнего блока и возьмитесь за рукоять широким хватом.\nБ. Слегка отклонитесь назад, сохраняя прямую спину.\nВ. Потяните рукоять вниз к верхней части груди, сводя лопатки.\nГ. Задержитесь на секунду в нижней точке, затем плавно вернитесь в исходное положение.\nД. Не используйте инерцию, контролируйте каждое движение.','средний','Тренажёр верхнего блока','tygaverhnegobloka.png','tygaverhnegobloka.gif'),(8,'Подтягивания','Спина','А. Возьмитесь за перекладину турника прямым хватом чуть шире плеч.\nБ. На вдохе подтянитесь, направляя грудь к перекладине и сводя лопатки.\nВ. Задержитесь в верхней точке на секунду.\nГ. Медленно опуститесь в исходное положение, полностью выпрямив руки.\nД. Избегайте рывков и раскачивания тела.','средний','Турник','podtyagivania.png','podtyagivania.gif'),(10,'Приседания со штангой','Ноги','А. Установите штангу на стойки и встаньте под неё, поместив её на трапеции.\nБ. Сделайте шаг назад, ноги — на ширине плеч, носки слегка наружу.\nВ. На вдохе медленно опуститесь вниз, сгибая колени и отводя таз назад.\nГ. Когда бёдра станут параллельны полу, на выдохе выпрямитесь, возвращаясь в исходное положение.\nД. Держите спину прямой и не отрывайте пятки от пола.','продвинутый','Штанга','prisidaniasostangoi.png','prisidaniasostangoi.gif'),(11,'Выпады с гантелями','Ноги','А. Возьмите по гантели в каждую руку и встаньте прямо.\nБ. Сделайте шаг вперёд одной ногой, опускаясь до тех пор, пока заднее колено почти не коснётся пола.\nВ. Следите, чтобы колено передней ноги не выходило за носок.\nГ. На выдохе поднимитесь, возвращаясь в исходное положение.\nД. Повторите движение другой ногой, сохраняя равновесие и контроль.','средний','Гантели','vipadisgantelyami.png','vipadisgantelyami.gif'),(13,'Жим гантелей сидя','Плечи','А. Сядьте на скамью с прямой спиной, держа гантели на уровне ушей.\nБ. На выдохе поднимите гантели вверх, пока руки полностью не выпрямятся.\nВ. Задержитесь на секунду в верхней точке.\nГ. Медленно опустите гантели обратно к плечам, сохраняя контроль.\nД. Не выгибайте поясницу и не опускайте локти слишком низко.','средний','Гантели','zhimganteleysida.png','zhimganteleysida.gif'),(16,'Сгибание рук со штангой','Бицепс','А. Встаньте прямо, держа штангу в опущенных руках хватом снизу на ширине плеч.\nБ. Напрягите корпус и прижмите локти к бокам.\nВ. На выдохе согните руки в локтях, поднимая штангу к груди, не двигая плечами.\nГ. В верхней точке задержитесь на секунду, чувствуя сокращение бицепсов.\nД. Медленно опустите штангу вниз, полностью выпрямляя руки.\nЕ. Избегайте раскачивания корпуса и резких движений.','средний','Штанга','sgibanieryksostangoi.png','sgibanieryksostangoi.gif'),(17,'Французский жим лёжа','Трицепс','А. Лягте на горизонтальную скамью, возьмите штангу узким хватом (ладони на ширине плеч).\nБ. Поднимите штангу вверх, держа руки перпендикулярно полу.\nВ. Согните руки в локтях, медленно опуская штангу к лбу или за голову.\nГ. Не разводите локти в стороны, держите их строго вертикально.\nД. На выдохе разогните руки, возвращая штангу в исходное положение.\nЕ. Контролируйте движение, не допуская рывков.','продвинутый','Штанга или гантели','francegimlezha.png','francegimlezha.gif'),(18,'Отжимания узким хватом','Трицепс','А. Примите упор лёжа, руки поставьте чуть уже плеч.\nБ. Тело — прямая линия, пресс и ягодицы напряжены.\nВ. На вдохе медленно опуститесь вниз, пока грудь не коснётся пола.\nГ. На выдохе выжмите себя вверх, концентрируясь на работе трицепсов.\nД. Держите локти близко к корпусу и избегайте прогиба в пояснице.','новичок','Без оборудования','otzhimaniayzkimhvatom.png','otzhimaniayzkimhvatom.gif'),(19,'Скручивания','Пресс','А. Лягте на спину, согните колени, стопы на полу.\nБ. Скрестите руки на груди или положите за голову, не тяните шею.\nВ. На выдохе поднимайте плечи и верхнюю часть спины, сокращая мышцы пресса.\nГ. Задержитесь на секунду в верхней точке и медленно опуститесь обратно.\nД. Не используйте рывки, работайте только мышцами пресса.','новичок','Коврик','skrycivania.png','skrycivania.gif'),(20,'Подъём ног в висе','Пресс','А. Возьмитесь за перекладину турника и повисните, удерживая корпус прямым.\nБ. На выдохе поднимайте прямые ноги вперёд до уровня таза или выше.\nВ. Контролируйте движение, не раскачивайтесь.\nГ. Медленно опустите ноги вниз, не касаясь ими тела.\nД. Следите за дыханием и удерживайте пресс в напряжении на протяжении всего подхода.','средний','Турник','podyomnogvvise.png','podyomnogvvise.gif'),(22,'Разведение гантелей лёжа','Грудь','А. Лягте на горизонтальную скамью, возьмите гантели нейтральным хватом (ладони друг к другу).\nБ. Поднимите гантели над грудью, слегка согнув руки в локтях.\nВ. На вдохе разведите руки в стороны, пока не почувствуете растяжение грудных мышц.\nГ. На выдохе сведите руки обратно, сводя гантели над грудью.\nД. Движения должны быть плавными, без рывков и излишней амплитуды.','средний','Гантели, скамья','razvedenieganteleylezha.png','razvedenieganteleylezha.gif'),(23,'Отжимания на брусьях','Грудь','А. Встаньте между параллельными брусьями и возьмитесь за них.\nБ. Поднимите тело на прямых руках, удерживая корпус вертикально или слегка наклонённым вперёд.\nВ. На вдохе опуститесь вниз, сгибая руки в локтях до параллели плеч с землёй.\nГ. На выдохе выжмите себя вверх, полностью выпрямляя руки.\nД. Следите, чтобы локти двигались вдоль корпуса, а не в стороны.','продвинутый','Брусья','otzhimanianabryciah.png','otzhimanianabryciah.gif'),(24,'Жим штанги узким хватом','Грудь','А. Лягте на скамью, возьмите штангу узким хватом (ладони ближе друг к другу, чем ширина плеч).\nБ. Снимите штангу со стоек и удерживайте её над грудью.\nВ. На вдохе опустите штангу к нижней части груди, держа локти близко к корпусу.\nГ. На выдохе выжмите штангу вверх, полностью выпрямляя руки.\nД. Сохраняйте контроль над движением и не отбивайте штангу от груди.','средний','Штанга, скамья','zhimlezhayzkimhvatom.png','zhimlezhayzkimhvatom.gif'),(25,'Гиперэкстензия','Спина','А. Займите положение на тренажёре для гиперэкстензии, зафиксируйте стопы под валиками.\nБ. Скрестите руки на груди или за головой.\nВ. На вдохе опускайте корпус вниз до прямой линии с ногами.\nГ. На выдохе поднимайтесь вверх, сокращая мышцы поясницы и ягодиц.\nД. Избегайте переразгибания спины в верхней точке и выполняйте движение плавно.','новичок','Гиперэкстензия-тренажёр','giperecst.png','giperecst.gif'),(26,'Тяга гантели в наклоне','Спина','А. Встаньте рядом со скамьёй, поставьте одну руку и колено на скамью для опоры.\nБ. Второй рукой возьмите гантель, корпус слегка наклонён вперёд, спина прямая.\nВ. На выдохе подтяните гантель к боку, сводя лопатки.\nГ. В верхней точке задержитесь на секунду, затем плавно опустите гантель вниз.\nД. Выполните нужное количество повторов и смените руку.','средний','Гантель, скамья','tygagantelivnaklone.png','tygagantelivnaklone.gif'),(27,'Становая тяга','Спина','А. Встаньте прямо, ноги на ширине плеч, возьмите штангу прямым хватом.\nБ. Согните колени и наклоните корпус вперёд, сохраняя спину прямой.\nВ. На выдохе поднимите штангу, разгибая таз и колени одновременно.\nГ. В верхней точке полностью выпрямите тело, удерживая штангу у бёдер.\nД. Медленно опустите штангу вниз, контролируя движение, и повторите.\nЕ. Не округляйте спину и держите взгляд направленным вперёд.','продвинутый','Штанга','stanovaytyga.png','stanovaytyga.gif'),(28,'Жим ногами в тренажёре','Ноги','А. Сядьте в тренажёр для жима ногами, установите удобный угол платформы.\nБ. Поставьте стопы на ширине плеч, носки слегка наружу.\nВ. На вдохе опускайте платформу к себе, сгибая колени до угла 90 градусов.\nГ. На выдохе выжмите платформу вверх, не выпрямляя ноги полностью.\nД. Следите, чтобы поясница не отрывалась от спинки и колени не сходились внутрь.','средний','Тренажёр для жима ногами','zhimlezhanogami.png','zhimlezhanogami.gif'),(30,'Болгарские выпады','Ноги','А. Встаньте в шаговой стойке, заднюю ногу поместите на скамью позади.\nБ. Держите гантели вдоль тела, корпус слегка наклонён вперёд.\nВ. На вдохе опуститесь вниз, сгибая переднюю ногу в колене до угла 90 градусов.\nГ. На выдохе выпрямите ногу, возвращаясь в исходное положение.\nД. Следите, чтобы колено передней ноги не выходило за линию носка.\nЕ. Выполните повторения на одну ногу, затем смените сторону.','продвинутый','Гантели, скамья','bulgarianvipad.png','bulgarianvipad.gif'),(31,'Тяга штанги к подбородку','Плечи','А. Встаньте прямо, возьмите штангу узким хватом, ладони обращены к телу.\nБ. Напрягите корпус, спину держите прямой.\nВ. На выдохе поднимайте штангу вдоль тела до уровня подбородка, локти направлены вверх.\nГ. Задержитесь на секунду в верхней точке, сводя плечи и напрягая трапецию.\nД. Медленно опустите штангу обратно, контролируя движение.\nЕ. Не используйте инерцию и избегайте резких рывков.','средний','Штанга','tygastangikpodborodrky.png','tygastangikpodborodrky.gif'),(33,'Жим Арнольда','Плечи','А. Сядьте на скамью с прямой спиной, возьмите гантели на уровне плеч, ладони обращены к себе.\nБ. На выдохе поднимите гантели вверх, одновременно разворачивая ладони вперёд.\nВ. В верхней точке руки полностью выпрямлены, плечи стабильны.\nГ. На вдохе опустите гантели обратно, возвращая ладони в исходное положение.\nД. Держите спину прямой, не отклоняйтесь назад и сохраняйте плавный ритм.','продвинутый','Гантели','zhimarnolda.png','zhimarnolda.gif'),(34,'Подъём гантелей \"молот\"','Бицепс','А. Встаньте прямо, возьмите по гантели в каждую руку, ладони обращены друг к другу.\nБ. Локти прижаты к туловищу, корпус напряжён.\nВ. На выдохе поднимите гантели, сгибая руки в локтях до уровня плеч.\nГ. В верхней точке сделайте паузу, почувствуйте напряжение в бицепсах и предплечьях.\nД. Медленно опустите гантели вниз, сохраняя контроль над движением.\nЕ. Не раскачивайтесь и выполняйте упражнение в равномерном темпе.','средний','Гантели','molotpodyem.png','molotpodyem.gif'),(35,'Разгибания рук на блоке','Трицепс','А. Встаньте перед кроссовером, возьмитесь за рукояти верхних блоков обратным хватом.\nБ. Прижмите локти к корпусу, корпус устойчив, спина прямая.\nВ. На выдохе разгибайте руки вниз, напрягая трицепсы.\nГ. В нижней точке задержитесь на секунду, затем медленно вернитесь в исходное положение.\nД. Не разводите локти в стороны и не используйте инерцию, движение должно быть плавным и подконтрольным.','средний','Кроссовер','razgibaniaryknabloke.png','razgibaniaryknabloke.gif'),(37,'Русские скручивания','Пресс','А. Сядьте на пол, слегка отклонитесь назад и поднимите ноги от пола.\nБ. Держите медбол или сцепите ладони вместе перед собой.\nВ. На выдохе поверните корпус в одну сторону, касаясь пола рядом с бедром.\nГ. Затем повернитесь в другую сторону, удерживая равновесие.\nД. Сохраняйте напряжение пресса, не касайтесь ногами пола и выполняйте движения плавно.','средний','Медбол или без оборудования','russianskrycivania.png','russianskrycivania.gif');
/*!40000 ALTER TABLE `exercises` ENABLE KEYS */;
UNLOCK TABLES;

--
-- Table structure for table `goals`
--

DROP TABLE IF EXISTS `goals`;
/*!40101 SET @saved_cs_client     = @@character_set_client */;
/*!50503 SET character_set_client = utf8mb4 */;
CREATE TABLE `goals` (
  `goal_id` int NOT NULL AUTO_INCREMENT,
  `user_id` int NOT NULL,
  `goal_type` enum('weight_loss','muscle_gain','endurance','maintenance') CHARACTER SET utf8mb4 COLLATE utf8mb4_unicode_ci NOT NULL,
  `target_weight` float DEFAULT NULL,
  `target_date` date DEFAULT NULL,
  `description` text CHARACTER SET utf8mb4 COLLATE utf8mb4_unicode_ci,
  PRIMARY KEY (`goal_id`),
  KEY `user_id` (`user_id`),
  CONSTRAINT `goals_ibfk_1` FOREIGN KEY (`user_id`) REFERENCES `users` (`user_id`) ON DELETE CASCADE
) ENGINE=InnoDB AUTO_INCREMENT=11 DEFAULT CHARSET=utf8mb4 COLLATE=utf8mb4_unicode_ci;
/*!40101 SET character_set_client = @saved_cs_client */;

--
-- Dumping data for table `goals`
--

LOCK TABLES `goals` WRITE;
/*!40000 ALTER TABLE `goals` DISABLE KEYS */;
INSERT INTO `goals` VALUES (1,1,'weight_loss',55,'2026-03-01','Похудеть и улучшить общее состояние здоровья'),(2,2,'muscle_gain',65,'2026-05-01','Набор мышечной массы и повышение силы'),(3,3,'endurance',NULL,'2026-04-15','Улучшить выносливость, подготовка к забегу'),(4,5,'maintenance',44,'2026-01-20','Поддержание текущей формы'),(5,9,'weight_loss',80,'2026-06-01','Снижение веса и улучшение подвижности'),(6,1,'weight_loss',55,'2026-03-01','Похудеть и улучшить общее состояние здоровья'),(7,2,'muscle_gain',65,'2026-05-01','Набор мышечной массы и повышение силы'),(8,3,'endurance',NULL,'2026-04-15','Улучшить выносливость, подготовка к забегу'),(9,5,'maintenance',44,'2026-01-20','Поддержание текущей формы'),(10,9,'weight_loss',80,'2026-06-01','Снижение веса и улучшение подвижности');
/*!40000 ALTER TABLE `goals` ENABLE KEYS */;
UNLOCK TABLES;

--
-- Table structure for table `meals`
--

DROP TABLE IF EXISTS `meals`;
/*!40101 SET @saved_cs_client     = @@character_set_client */;
/*!50503 SET character_set_client = utf8mb4 */;
CREATE TABLE `meals` (
  `meal_id` int NOT NULL AUTO_INCREMENT,
  `name` varchar(100) CHARACTER SET utf8mb4 COLLATE utf8mb4_unicode_ci NOT NULL,
  `calories` int NOT NULL,
  `protein` float NOT NULL DEFAULT '0',
  `fat` float NOT NULL DEFAULT '0',
  `carbs` float NOT NULL DEFAULT '0',
  `description` text CHARACTER SET utf8mb4 COLLATE utf8mb4_unicode_ci,
  `previewImage` varchar(100) CHARACTER SET utf8mb4 COLLATE utf8mb4_unicode_ci NOT NULL,
  PRIMARY KEY (`meal_id`)
) ENGINE=InnoDB AUTO_INCREMENT=34 DEFAULT CHARSET=utf8mb4 COLLATE=utf8mb4_unicode_ci;
/*!40101 SET character_set_client = @saved_cs_client */;

--
-- Dumping data for table `meals`
--

LOCK TABLES `meals` WRITE;
/*!40000 ALTER TABLE `meals` DISABLE KEYS */;
INSERT INTO `meals` VALUES (3,'Салат с тунцом',250,20,8,15,'1. Вымойте и нарвите листья салата.\\n2. Нарежьте 5–6 помидоров черри пополам и 1 огурец кружочками.\\n3. Слейте жидкость с 1 банки тунца.\\n4. Выложите салат, помидоры, огурцы и тунец в миску.\\n5. Добавьте 3 ст. ложки кукурузы.\\n6. Заправьте 1–2 ст. ложками оливкового масла и лимонным соком.\\n7. Посолите, поперчите по вкусу.\\n8. Перемешайте и подавайте.','salatstunzom.png'),(4,'Омлет из яичных белков с овощами',210,25,6,10,'1. Нарежьте болгарский перец и шпинат.\n2. Разбейте яйца и отделите белки от желтков.\n3. Разогрейте сковороду с каплей оливкового масла и обжарьте овощи.\n4. Добавьте белки, перемешайте и готовьте на слабом огне под крышкой.\n5. Подавайте омлет с зеленью.','omletsovoshami.png'),(5,'Гречка с куриной грудкой и брокколи',420,38,8,45,'1. Отварите гречку до готовности.\n2. Куриное филе нарежьте и приправьте солью и перцем.\n3. Обжарьте или запеките грудку до золотистой корочки.\n4. Приготовьте брокколи на пару до мягкости.\n5. Подавайте всё вместе, добавив немного оливкового масла.','grechasbrokoli.png'),(6,'Творог с мёдом и орехами',280,25,9,20,'1. Выложите нежирный творог в миску.\n2. Добавьте ложку мёда и измельчённые грецкие орехи.\n3. Перемешайте до однородной массы.\n4. При желании добавьте немного корицы или ванили для вкуса.\n5. Подавайте охлаждённым.','tvorogsorehamimedok.png'),(7,'Протеиновый смузи с бананом',300,30,5,35,'1. Нарежьте спелый банан на кусочки.\n2. В блендер добавьте банан, протеиновый порошок и 250 мл молока.\n3. Взбейте до однородной консистенции.\n4. Добавьте лёд и снова перемешайте.\n5. Подавайте охлаждённым сразу после тренировки.','proteinsmuzisbananom.png'),(8,'Запечённая треска с овощами',340,40,10,15,'1. Разогрейте духовку до 180°C.\n2. Выложите филе трески на противень, посолите и сбрызните лимонным соком.\n3. Добавьте вокруг нарезанные кабачки и помидоры.\n4. Сбрызните оливковым маслом и запекайте 20–25 минут.\n5. Подавайте с зеленью.','zapechenayatreskasovoshami.png'),(9,'Овсяноблин с творогом',320,28,7,35,'1. В миске смешайте овсяные хлопья, яичный белок и ложку творога.\n2. Взбейте до густой массы.\n3. Разогрейте сковороду и обжарьте овсяноблин с двух сторон до румяности.\n4. Выложите начинку из творога и заверните как блин.\n5. Подавайте тёплым.','ovsanoblinstvorogom.png'),(10,'Тушёная индейка с киноа',450,42,12,40,'1. Отварите киноа до готовности.\n2. Нарежьте филе индейки на кусочки, приправьте специями.\n3. Обжарьте мясо до лёгкой корочки, затем добавьте немного воды и потушите.\n4. Смешайте с киноа и нарезанными овощами.\n5. Подавайте горячим.','tushenayaindeikaskinoa.png'),(11,'Салат с курицей и авокадо',360,35,14,20,'1. Отварите или запеките куриную грудку, нарежьте кубиками.\n2. Нарежьте авокадо, помидоры черри и листья салата.\n3. Смешайте всё в миске.\n4. Заправьте лимонным соком и оливковым маслом.\n5. Перемешайте и подавайте свежим.','salatskurizeiavokado.png'),(12,'Белковый пудинг из творога',250,27,6,18,'1. Смешайте творог, яйцо, ложку мёда и немного ванили.\n2. Взбейте до гладкой массы.\n3. Разлейте по формочкам и поставьте в духовку при 180°C на 25 минут.\n4. Остудите и подавайте с ягодами или орешками.','pudingstvorogom.png'),(13,'Лосось на пару с рисом и шпинатом',480,38,16,40,'1. Отварите бурый рис до готовности.\n2. Приготовьте филе лосося на пару 10–12 минут.\n3. В это время слегка припустите шпинат на сковороде без масла.\n4. Выложите рыбу, рис и шпинат на тарелку.\n5. Полейте соком лимона и подавайте тёплым.','lososnaparysospinatom.png'),(15,'Куриное филе с грилем и киноа',420,40,9,45,'1. Замаринуйте куриное филе в специях и лимонном соке.\n2. Приготовьте на гриле или сковороде до золотистой корочки.\n3. Отварите киноа отдельно до готовности.\n4. Сервируйте вместе с зеленью и долькой лимона.\n5. Подавайте горячим.','kurinaigrudkaskinoa.png'),(16,'Тунец с овощами на сковороде',350,37,10,15,'1. Разогрейте сковороду с каплей оливкового масла.\n2. Добавьте нарезанные овощи: перец, цукини, морковь.\n3. Обжарьте до мягкости, затем добавьте кусочки тунца.\n4. Тушите 5–7 минут, приправьте солью и лимонным соком.\n5. Подавайте тёплым.','tunezsovoshaminaskovorode.png'),(17,'Куриные котлеты на пару',290,33,8,12,'1. Пропустите через мясорубку куриное филе и немного лука.\n2. Добавьте яйцо, специи и перемешайте.\n3. Сформируйте котлеты и выложите их в пароварку.\n4. Готовьте 20–25 минут до полной готовности.\n5. Подавайте с овощами или кашей.','kotletinaparu.png'),(18,'Овощное рагу с индейкой',400,35,11,35,'1. Нарежьте индейку кусочками и обжарьте до лёгкой корочки.\n2. Добавьте морковь, перец и кабачки.\n3. Влейте немного воды и тушите под крышкой 25–30 минут.\n4. Приправьте по вкусу и перемешайте.\n5. Подавайте горячим.','ovoshnoeragusindeikoi.png'),(19,'Белковый панкейк с ягодами',280,26,6,28,'1. Смешайте яичный белок, овсяную муку и ложку протеина.\n2. Добавьте немного воды до консистенции густого теста.\n3. Обжарьте панкейки на антипригарной сковороде без масла.\n4. Подавайте с ягодами и ложкой мёда.\n5. Можно украсить листочками мяты.','pancakesyagodami.png'),(20,'Салат с тунцом и яйцом',330,32,14,12,'1. Отварите яйца вкрутую и нарежьте их.\n2. В миску добавьте тунец, листья салата и помидоры.\n3. Смешайте всё, добавив немного лимонного сока и оливкового масла.\n4. Перемешайте и подавайте свежим.','salatstunzomizom.png'),(21,'Творожная запеканка без сахара',270,28,7,20,'1. В миске смешайте творог, яйцо и ложку овсяной муки.\n2. Добавьте немного подсластителя или мёда.\n3. Перелейте смесь в форму и выпекайте при 180°C 30 минут.\n4. Остудите и нарежьте порциями.\n5. Подавайте с ягодным соусом.','tvorozhnayazapekanka.png'),(22,'Куриное суфле с брокколи',310,34,9,15,'1. Отварите брокколи до мягкости и измельчите в блендере.\n2. Добавьте отварное куриное филе, яйцо и немного йогурта.\n3. Взбейте до однородной массы.\n4. Переложите в форму и запеките при 180°C 25 минут.\n5. Подавайте тёплым.','kurinoesuflesbrokolli.png'),(23,'Белковый ролл с тунцом',300,35,8,20,'1. Возьмите лаваш или рисовую бумагу.\n2. Выложите листья салата, тунец и ломтики огурца.\n3. Добавьте ложку йогуртового соуса.\n4. Аккуратно сверните ролл и разрежьте пополам.\n5. Подавайте сразу после приготовления.','rollstunzom.png'),(24,'Запеканка из овсянки с яблоком',320,20,8,45,'1. В миске смешайте овсяные хлопья, яйцо, йогурт и натёртое яблоко.\n2. Добавьте немного корицы и подсластителя по вкусу.\n3. Выложите смесь в форму для запекания.\n4. Выпекайте при 180°C 25–30 минут до румяной корочки.\n5. Остудите и подавайте с ложкой йогурта.','zapekankasyablokom.png'),(25,'Куриное филе с овощами в духовке',390,42,10,25,'1. Нарежьте куриное филе и овощи: перец, цукини, морковь.\n2. Выложите всё на противень и сбрызните оливковым маслом.\n3. Приправьте солью, перцем и травами.\n4. Запекайте при 190°C 30 минут, периодически помешивая.\n5. Подавайте с зеленью.','kurinoefilesovoshamivduhovke.png'),(26,'Рис с тунцом и яйцом',410,36,9,45,'1. Отварите рис до готовности.\n2. На сковороде слегка обжарьте яйцо, как омлет.\n3. Добавьте в сковороду рис и размятый тунец.\n4. Перемешайте, приправьте соевым соусом и зеленью.\n5. Подавайте горячим.','risstunzomizom.png'),(27,'Индейка с гречкой и грибами',430,38,11,40,'1. Отварите гречку до готовности.\n2. Обжарьте кусочки индейки до золотистой корочки.\n3. Добавьте нарезанные грибы и немного воды, тушите 10 минут.\n4. Смешайте с гречкой и приправьте специями.\n5. Подавайте тёплым.','indeikasgribamigrechkoi.png'),(28,'Ягодный творожный десерт',260,26,7,22,'1. В блендере взбейте творог, йогурт и немного подсластителя.\n2. Добавьте горсть ягод и взбейте до кремовой консистенции.\n3. Разлейте по стаканам и охладите 30 минут.\n4. Украсьте целыми ягодами перед подачей.','tvorozhnisyagodami.png'),(29,'Запечённые овощи с курицей и яйцом',370,33,12,30,'1. Нарежьте овощи и куриную грудку кубиками.\n2. Выложите всё в форму для запекания и залейте взбитыми яйцами.\n3. Приправьте солью и травами.\n4. Выпекайте при 180°C 25–30 минут.\n5. Подавайте горячим.','ovoshiskurizeiizom.png'),(30,'Белковая паста с тунцом',390,42,8,40,'1. Отварите макароны из цельнозерновой муки до состояния аль денте.\n2. На сковороде разогрейте тунец с ложкой томатного соуса.\n3. Добавьте пасту, перемешайте и прогрейте 2–3 минуты.\n4. Посыпьте зеленью и подавайте горячим.','pastastunzom.png'),(31,'Куриная грудка в йогуртовом соусе',410,39,13,22,'1. Замаринуйте куриное филе в натуральном йогурте с чесноком и специями.\n2. Оставьте на 30 минут.\n3. Обжарьте филе до золотистой корочки.\n4. Подайте с овощами или рисом.\n5. Украсьте зеленью и лимоном.','kurinaigrudkaviogurte.png'),(32,'Белковый чизкейк без сахара',290,28,9,20,'1. Взбейте творог, яйцо, йогурт и ложку овсяной муки.\n2. Добавьте немного подсластителя и ванили.\n3. Выложите массу в форму.\n4. Выпекайте при 170°C 40 минут.\n5. Остудите и подавайте охлаждённым.','cheesecakewithoutsugar.png'),(33,'Тофу с овощами и соевым соусом',350,30,14,25,'1. Нарежьте тофу кубиками и обжарьте до румяной корочки.\n2. Добавьте овощи: перец, брокколи, морковь.\n3. Влейте немного соевого соуса и тушите 5–7 минут.\n4. Перемешайте и подавайте горячим с зеленью.','tofusovoshamiisoevim.png');
/*!40000 ALTER TABLE `meals` ENABLE KEYS */;
UNLOCK TABLES;

--
-- Table structure for table `refresh_tokens`
--

DROP TABLE IF EXISTS `refresh_tokens`;
/*!40101 SET @saved_cs_client     = @@character_set_client */;
/*!50503 SET character_set_client = utf8mb4 */;
CREATE TABLE `refresh_tokens` (
  `id` int NOT NULL AUTO_INCREMENT,
  `user_id` int NOT NULL,
  `token` varchar(512) CHARACTER SET utf8mb4 COLLATE utf8mb4_unicode_ci NOT NULL,
  `expires_at` datetime NOT NULL,
  `revoked_at` datetime DEFAULT NULL,
  PRIMARY KEY (`id`),
  KEY `user_id` (`user_id`),
  CONSTRAINT `refresh_tokens_ibfk_1` FOREIGN KEY (`user_id`) REFERENCES `users` (`user_id`)
) ENGINE=InnoDB AUTO_INCREMENT=263 DEFAULT CHARSET=utf8mb4 COLLATE=utf8mb4_unicode_ci;
/*!40101 SET character_set_client = @saved_cs_client */;

--
-- Dumping data for table `refresh_tokens`
--

LOCK TABLES `refresh_tokens` WRITE;
/*!40000 ALTER TABLE `refresh_tokens` DISABLE KEYS */;
INSERT INTO `refresh_tokens` VALUES (9,9,'5bzSFmLVEUydgKQZ1JVpCQ==','2025-11-09 15:10:56',NULL),(10,9,'O5vJta4vskuYBKqDxzB5EA==','2025-11-09 15:11:20',NULL),(11,9,'OEuaqZaU5kC9gdngwwJ7Fw==','2025-11-09 15:12:33','2025-11-03 18:14:02'),(12,12,'/aOlNYxJkkKtJfjoVG8BXA==','2025-11-10 17:00:42',NULL),(13,13,'49v9+Sq+lEeM3aGgTINQbw==','2025-11-10 17:45:55',NULL),(14,14,'UyjNlne9uk6qgI3orB/XyA==','2025-11-10 18:12:46',NULL),(15,15,'yFARn/kC3E2VWtTKebdvbw==','2025-11-10 18:14:01',NULL),(16,9,'Ny0VtlcpxEqFboAHqO88Eg==','2025-11-10 18:14:02','2025-11-06 15:46:38'),(17,9,'uzW477L16U6IBYYm9k0Jpw==','2025-11-13 15:46:38','2025-11-06 15:46:41'),(18,9,'TwpEg329CEa1ljwnZIvbGg==','2025-11-13 15:46:41','2025-11-06 15:46:44'),(19,9,'qgmqAnlb/EaiBlJV+ktXLw==','2025-11-13 15:46:44','2025-11-06 15:46:45'),(20,9,'9ZZRrip/U0uX/fV1cZStEw==','2025-11-13 15:46:45','2025-11-06 15:46:50'),(21,9,'iVka1Pdz2UGDYtoSiHbuVw==','2025-11-13 15:46:50','2025-11-06 15:46:50'),(22,9,'R1l+D/z2okK6qhwgD485Bw==','2025-11-13 15:46:50',NULL),(23,9,'GHOH2LRwn069FusY5GU+5w==','2025-11-13 17:18:52',NULL),(24,9,'RY2wyNhk+0erNVapFtqFhw==','2025-11-13 17:22:27','2025-11-06 17:24:41'),(25,9,'5Pzq9QUST0OMVQuKCkeCDA==','2025-11-13 17:24:41','2025-11-06 17:24:54'),(26,9,'eYea8VHJ/0ub0CyEtrx9JQ==','2025-11-13 17:24:53',NULL),(27,16,'zRc0B/96lU+lc4VvHC8a3Q==','2025-11-13 17:26:19',NULL),(28,16,'/gg+HSUfVUm4zzHvBzRfxQ==','2025-11-13 17:26:41',NULL),(29,16,'q5cW5dDe4kqFZBq+wfNsdg==','2025-11-13 17:41:57',NULL),(30,16,'q5iHayIxsE2HIQYazi8hnA==','2025-11-13 17:46:51',NULL),(31,16,'PcZEV4fFtUSMzkM9LApYwg==','2025-11-13 17:49:03',NULL),(32,16,'+BLCL1Ek3kao+H0LBOCeyw==','2025-11-13 17:51:36',NULL),(33,16,'w8mXWT/6AUepknY0qoGAbg==','2025-11-13 17:52:59',NULL),(34,16,'7sdBLopmSUWni4AasCielQ==','2025-11-13 17:59:37',NULL),(35,17,'52xrXMdsTEOBBa74fE0E8w==','2025-11-20 11:58:02',NULL),(36,17,'W72FS7brHEWm3w4nb3gAxg==','2025-11-20 11:58:53',NULL),(37,9,'fQYw6Ehmz0K9wo94WujUrw==','2025-11-20 16:30:06',NULL),(38,17,'4rOo/zQ5iUSzNyHYFB99zw==','2025-11-21 14:04:49','2025-11-14 15:02:54'),(39,17,'2g8uMMm2HEO9/HQ0a34c2A==','2025-11-21 15:00:15',NULL),(40,17,'gJ2W1efCpE2JXVJiKXlvpQ==','2025-11-21 15:00:15','2025-11-14 16:35:27'),(41,17,'aE+RXLTh30GsRP+2UyHYZg==','2025-11-21 15:02:54',NULL),(42,17,'yXldFLOpQUepiVkfTqYafw==','2025-11-21 15:03:11','2025-11-14 15:10:05'),(43,17,'AXkytT6qp0eSO+n/LaOApg==','2025-11-21 15:10:05','2025-11-14 15:10:06'),(44,17,'yIM6uHymZEmmaj0dnKM47g==','2025-11-21 15:10:06','2025-11-14 15:10:08'),(45,17,'6+qxrCP/3k24ZV0dX1YRXw==','2025-11-21 15:10:08','2025-11-14 15:10:08'),(46,17,'hSBdam1Qb06UJFtv/xFq8A==','2025-11-21 15:10:08','2025-11-14 15:10:09'),(47,17,'Qja65tTMfU2eOOPPwxRfVQ==','2025-11-21 15:10:09','2025-11-14 15:10:09'),(48,17,'roVxvJp66k+lHe9Bmj5PYQ==','2025-11-21 15:10:09','2025-11-14 15:10:09'),(49,17,'q2L/elFackulQMlnICyGjg==','2025-11-21 15:10:09','2025-11-14 15:10:09'),(50,17,'8p0lkpJUCk2RXA2BpiZSHQ==','2025-11-21 15:10:09','2025-11-14 15:10:09'),(51,17,'55I6IviO7kGUWGIng9IjuA==','2025-11-21 15:10:09','2025-11-14 15:10:10'),(52,17,'Ck5dge120UqnBnOqBrIuFA==','2025-11-21 15:10:10','2025-11-14 15:10:10'),(53,17,'Pwoir/8CCEiaYdB54DsVIg==','2025-11-21 15:10:10','2025-11-14 15:10:10'),(54,17,'MuO3UEo4gUyECjcGlLsAYQ==','2025-11-21 15:10:10','2025-11-14 15:10:10'),(55,17,'3yVa2lqjmkm6G75/JjE0Fg==','2025-11-21 15:10:10','2025-11-14 15:10:11'),(56,17,'aCMBU2gr306Jp1fGAwBziw==','2025-11-21 15:10:10','2025-11-14 15:10:11'),(57,17,'JsQLzF/KzU20fPqy9GQ68Q==','2025-11-21 15:10:11','2025-11-14 15:10:11'),(58,17,'AYgi5uRYNEGLvSI5TgebBA==','2025-11-21 15:10:11','2025-11-14 15:10:11'),(59,17,'yfBxs3XahkWQpebNrZkbew==','2025-11-21 15:10:11','2025-11-14 15:10:11'),(60,17,'Adk3OV6cTkycMeICSt+4rg==','2025-11-21 15:10:11','2025-11-14 15:10:11'),(61,17,'W+qI+QjAsUCYtmBwmsJBaQ==','2025-11-21 15:10:11','2025-11-14 15:10:12'),(62,17,'Wu+2cwVn4kShQwYEA2SErQ==','2025-11-21 15:10:12','2025-11-14 15:10:12'),(63,17,'9KAHOnWJ6k2uiz0FZxq6Vw==','2025-11-21 15:10:12',NULL),(64,17,'hQBAFGOz2keXWPSrl4zU/A==','2025-11-21 15:10:48','2025-11-14 15:13:31'),(65,17,'A8mwGxzn7UmXajkn7NF5ZA==','2025-11-21 15:13:31',NULL),(66,17,'y0pzAmtr8EiUNcco3b06Nw==','2025-11-21 15:13:43',NULL),(67,17,'4JOYuIslXk+lsgvafh4RKw==','2025-11-21 15:14:42',NULL),(68,17,'F2qctRTq8UGFq9RCbTdA6Q==','2025-11-21 15:16:34',NULL),(69,17,'nBa6swu5U0iFOdFgd0gpCg==','2025-11-21 15:17:09',NULL),(70,17,'0sKT8YB+GEaG60Rfy3WZ6w==','2025-11-21 15:18:55',NULL),(71,17,'CJ/6yWuwQkqiqPIRyPcoag==','2025-11-21 15:24:59',NULL),(72,17,'1OXM3sHl/kmTEg5Rn+cJRA==','2025-11-21 15:27:12',NULL),(73,17,'cfH/h5gVXUyeNaIlkF8WKQ==','2025-11-21 15:35:55','2025-11-15 16:37:12'),(74,18,'ASDJlw7yuEO5t7gXkInbWA==','2025-11-21 16:35:26',NULL),(75,17,'znDfg5CSUUi1oclarmUwIQ==','2025-11-21 16:35:27',NULL),(76,18,'OGrYlzNeA06HI7FzTZXQCw==','2025-11-21 16:35:53',NULL),(77,17,'30NdHGhysUeniNp5ejYMEQ==','2025-11-22 12:01:34',NULL),(78,17,'jq+JxGn7bEeFxqeINhxT4Q==','2025-11-22 12:03:23',NULL),(79,19,'L2cu28J8IU6NtCdiY29Jag==','2025-11-22 12:05:58',NULL),(80,19,'M0rn1Ue3z0+5hJ61xc6RkA==','2025-11-22 12:06:29','2025-11-15 16:28:40'),(81,19,'lDwYBPk/EU+YrSoxWSI1yw==','2025-11-22 16:28:40','2025-11-16 08:15:53'),(82,19,'TLfI8mv97kWdeVaTVTnRoQ==','2025-11-22 16:28:40',NULL),(83,17,'dotMRU3LHUe8WE4XmuapLw==','2025-11-22 16:37:12','2025-11-16 09:57:15'),(84,19,'IwXG8j4RxE+HGllsUg0HeQ==','2025-11-23 08:15:52','2025-11-16 15:20:01'),(85,17,'/VIbfk3j+0GVw6rDsfx6Rw==','2025-11-23 09:57:15','2025-11-16 11:04:20'),(86,17,'yOQeUF8GjEyYBIN+3wTyBA==','2025-11-23 11:04:20','2025-11-16 13:51:30'),(87,17,'8BUCNLKmyk6PbHT2ZyCtwA==','2025-11-23 13:51:29','2025-11-16 14:56:46'),(88,17,'kaDrGPFnek2ppUZnV2EydQ==','2025-11-23 14:56:46','2025-11-16 16:02:31'),(89,19,'YcFApkjh006Bo8+EQeTb5w==','2025-11-23 15:20:01','2025-11-16 18:27:48'),(90,9,'A7PftkkIFEWRla1mJuPRxg==','2025-11-23 15:55:00',NULL),(91,9,'JOk9Gr/Td06s5YGV7w618w==','2025-11-23 15:56:02',NULL),(92,17,'RoAGfgVLe06ugJMTCQmepQ==','2025-11-23 16:02:31','2025-11-17 16:28:12'),(93,19,'EgTd5UY8YEqt7jZi8eothw==','2025-11-23 18:27:48','2025-11-16 19:50:25'),(94,19,'GQaOq91HJUuHInUp2H+HNA==','2025-11-23 19:50:25','2025-11-17 18:20:31'),(95,17,'HG36tS8naUiimFZ3cr2JKg==','2025-11-24 16:28:12','2025-11-17 17:55:44'),(96,17,'dr7Y/TpH80WwMElMRFYAiw==','2025-11-24 17:55:44','2025-11-18 15:28:22'),(97,19,'8ykWwF6VpEeYQGu38ZA14g==','2025-11-24 18:20:31','2025-11-18 16:48:42'),(98,17,'dGblQGwLHE+bH7QKLgbaRg==','2025-11-25 15:28:21','2025-11-18 16:36:48'),(99,17,'LKabsYPTBEqsvisF/Ltkeg==','2025-11-25 16:36:47',NULL),(100,19,'YAjc/NQuvEmM9+11h5JX0Q==','2025-11-25 16:48:42','2025-11-19 17:25:06'),(101,17,'dZqBT9JE9ESOvOplpIJFmQ==','2025-11-25 17:10:05','2025-11-19 15:21:48'),(102,17,'RThr2Cb/X0evjXYWBb4fPg==','2025-11-26 15:21:48','2025-11-19 16:39:38'),(103,9,'bKz9E59yT02qO+K/rSRaBA==','2025-11-26 16:19:52',NULL),(104,17,'rezeYFp5l0qoXsSXiV66kA==','2025-11-26 16:39:37',NULL),(105,19,'7LVNyxy2sEmJRd/vBZyBuw==','2025-11-26 17:25:06','2025-11-20 16:33:24'),(106,17,'F3z03j3dKkqR1A7SWYrIpw==','2025-11-27 13:32:49','2025-11-20 14:38:35'),(107,9,'T3GQ4vYw2UmX/D7jVSWDJg==','2025-11-27 13:37:36',NULL),(108,9,'nfRUmuDHGUyM2OBcF/fm3A==','2025-11-27 14:29:37',NULL),(109,17,'DxfJ+eqPAkm2GE0Lg5k4Lw==','2025-11-27 14:38:35','2025-11-20 15:50:39'),(110,17,'IJjvhthVZUSxUIwXVqUycQ==','2025-11-27 14:38:35',NULL),(111,17,'Ao0lRsI3BkWpDxCl8OnR1A==','2025-11-27 15:50:39',NULL),(112,17,'CdEpWsr9C02F9HezJ1GadQ==','2025-11-27 15:50:39',NULL),(113,19,'JkjfquOq9U6Fbb82VidpuQ==','2025-11-27 16:33:23','2025-11-20 21:41:33'),(114,17,'eysHlB1T7kmsBVFjjFKlgw==','2025-11-27 21:17:49',NULL),(115,17,'+dZmAWjfD0SBYjnwvgINRQ==','2025-11-27 21:19:25','2025-11-21 16:01:33'),(116,9,'nkA6N0hjUkOes/hLElNaVg==','2025-11-27 21:31:47',NULL),(117,9,'sNKQgb9/lkSK07k6haZmSg==','2025-11-27 21:32:49',NULL),(118,17,'WM1qRPgtpEe5tmktjBz4zA==','2025-11-27 21:34:11',NULL),(119,17,'e87HMQUNZ0KHNbAa+RsyzQ==','2025-11-27 21:35:25',NULL),(120,19,'qWGRgKZm5k+5CCZnrNDx0w==','2025-11-27 21:41:33',NULL),(121,19,'RRvFbmMiC0OKnf1vdRBQ8A==','2025-11-27 21:41:33','2025-11-21 16:21:32'),(122,17,'mH2wWUkLx0yoMVajVFUlLw==','2025-11-28 16:01:33',NULL),(123,17,'AjdEC9hVDUSBCehE1QfQHw==','2025-11-28 16:01:33',NULL),(124,19,'l6M6N5+63ECIKqh66EiRkw==','2025-11-28 16:21:32','2025-11-25 17:00:43'),(125,19,'R8M7ADLMrEyIOjP/a/FA1Q==','2025-11-28 16:21:32',NULL),(126,19,'l1xcqDP5sE6yHAyDFBaOlg==','2025-12-02 17:00:42',NULL),(127,19,'39Wm7gugJkuG5irsYPGUhA==','2025-12-02 17:00:42',NULL),(128,20,'D8UZjpfTpk6+qO1RAL586g==','2025-12-02 17:20:43',NULL),(129,20,'Ms4zputj4UKKvWWjfk29oQ==','2025-12-02 17:21:22','2025-11-25 18:44:14'),(130,20,'Tm3juixTL0aUczg5YYEf4Q==','2025-12-02 18:14:50',NULL),(131,20,'MiKlywRP+kGNPgntHOlErA==','2025-12-02 18:44:14',NULL),(132,20,'LtkWMbISgkyY5ESX1x7U+A==','2025-12-02 18:44:14','2025-11-26 19:07:50'),(133,20,'oNDYvJ3Uz0+Cnwk/4CHC6g==','2025-12-03 19:07:50','2025-11-26 19:29:17'),(134,20,'SSBOx1eP10SW9DBiCVY4NA==','2025-12-03 19:29:17',NULL),(135,17,'lRPUl2ILQESCpwYKKeUASg==','2025-12-05 15:16:56','2025-11-28 16:25:51'),(136,17,'hgnf29t34ESL9p+VsIxRtg==','2025-12-05 16:25:51',NULL),(137,17,'TeifYITN/0C6YdbAtMwAfw==','2025-12-05 16:25:51','2025-11-28 17:37:25'),(138,17,'9gs6eNGHoku1Jfs44ivWJA==','2025-12-05 17:37:25',NULL),(139,17,'zv9iSK13ZkmIAPtfw2FFqg==','2025-12-05 17:37:25','2025-11-29 09:14:49'),(140,17,'od7GlCkjJE6dZuHWGFEVEQ==','2025-12-05 19:01:10','2025-11-29 15:20:54'),(141,17,'FCDoH37fKU2J756e3Pw8YQ==','2025-12-06 09:14:49','2025-11-29 10:27:22'),(142,17,'ZGp+4JGhCECCUDMbprOhog==','2025-12-06 09:14:49',NULL),(143,17,'qlSSYs6eN02byh0pnQTczw==','2025-12-06 10:27:22','2025-11-29 11:32:23'),(144,17,'l+2S/Bv2Q0qZjKz9o+L5qQ==','2025-12-06 10:27:22',NULL),(145,17,'k8KKzksQt0KdbRNtsXyX+A==','2025-12-06 11:32:23',NULL),(146,17,'JjNCuiVXD0WLZTlKnvAXQw==','2025-12-06 11:32:23','2025-11-29 13:32:04'),(147,17,'G5HHHARo2kCK17w1M3RQTg==','2025-12-06 13:32:04',NULL),(148,17,'Bl8rkLqtcEuAHpUpui4vEw==','2025-12-06 13:32:04','2025-11-29 14:37:07'),(149,9,'NFyXul/XTUyrvCLv2zLCEw==','2025-12-06 14:05:17',NULL),(150,9,'WjnXlPWsykee8ke71inIVg==','2025-12-06 14:10:25',NULL),(151,17,'3avZEl/sLEO1/6AWUcDCVg==','2025-12-06 14:37:07',NULL),(152,17,'uwKuxud7GECcs78K4BWhmA==','2025-12-06 14:37:07',NULL),(153,17,'sOSipgYmEEe3kSwb3sRo/g==','2025-12-06 14:37:07','2025-11-29 15:48:59'),(154,17,'JVBZzklndk2c3wKvp6ntSQ==','2025-12-06 15:20:54',NULL),(155,17,'7csYzTTE0E2nuT9dnxyzSw==','2025-12-06 15:20:54','2025-11-29 18:41:17'),(156,17,'ZCymjPNob0yKTY58Bw+8Lw==','2025-12-06 15:48:59','2025-11-29 17:05:22'),(157,17,'TxpxnIC/yUalw8cZHz0NXQ==','2025-12-06 15:48:59',NULL),(158,17,'BUWrOmplxUmH+AQ2udGeug==','2025-12-06 15:48:59',NULL),(159,17,'xHYLtS2/9kOaVxUIJsUpVA==','2025-12-06 17:05:22',NULL),(160,17,'TbUcTZ6Zck6WE32861cm7w==','2025-12-06 17:05:22',NULL),(161,17,'CxeYE7tbR02dkWKBrEmSPQ==','2025-12-06 17:05:22','2025-11-29 18:46:28'),(162,9,'Ncafl3srLEWrbucyKYPRrA==','2025-12-06 17:15:16',NULL),(163,17,'SW1By8UlDEas9UOH37bCzA==','2025-12-06 18:41:17','2025-11-30 11:16:24'),(164,17,'jkKrhfJaKEmcNhLTMDBOkg==','2025-12-06 18:41:17',NULL),(165,17,'XOptPqTlFkyrVbbdIpHGBw==','2025-12-06 18:41:17',NULL),(166,17,'LVNCXGOF6EiDHb4FHdoZWw==','2025-12-06 18:46:28',NULL),(167,17,'Fn7WRms50EmEEVMHmPyODg==','2025-12-06 18:46:28',NULL),(168,17,'5njH0TYE2kqznHC4JhiDDw==','2025-12-06 18:46:28','2025-11-30 10:17:21'),(169,17,'d2K0aYvK6kmMTKEmEJGCCA==','2025-12-07 10:17:21','2025-11-30 11:23:25'),(170,17,'GRzBtrUc9U6Eev5VsxRAqA==','2025-12-07 10:17:21',NULL),(171,17,'d1N9SOSs1kS5zlKX69AxLQ==','2025-12-07 10:17:21',NULL),(172,17,'SYqqn4CGaEKykWxDIKYENw==','2025-12-07 11:16:24',NULL),(173,17,'2WeNZ3yDlESkY0dlWPf6Kw==','2025-12-07 11:16:24',NULL),(174,17,'TIpqLaHq9kqKsU24gqQfLg==','2025-12-07 11:16:24','2025-11-30 13:07:09'),(175,17,'k+S2Za4qyk+6hfhSjHuwuw==','2025-12-07 11:23:25',NULL),(176,17,'MEl5XZnKlUCUOYxvynAeNQ==','2025-12-07 11:23:25',NULL),(177,17,'HKD3HzQ93EquzicOiva3iw==','2025-12-07 11:23:25','2025-11-30 12:29:00'),(178,17,'fkAMR++RJEiQBUgFgMKjYw==','2025-12-07 12:29:00','2025-11-30 13:36:14'),(179,17,'CetBMv8wHkamODv+PTe9UA==','2025-12-07 13:07:09','2025-11-30 13:07:11'),(180,17,'WVOcgr6oA0S4aKFgWERIdw==','2025-12-07 13:07:11',NULL),(181,17,'M14TxALszUu9SYj/ObAuFw==','2025-12-07 13:07:11','2025-11-30 15:30:35'),(182,17,'Z7wgg7F5IU+xdI0rj0czFQ==','2025-12-07 13:36:14',NULL),(183,17,'Rqa58P0iW06in2JLXPAWHA==','2025-12-07 13:36:14',NULL),(184,17,'VNOFcqAuyEKUuQO+SIbCdQ==','2025-12-07 13:36:14','2025-11-30 15:00:06'),(185,17,'ts9qBUJxz0SbUfbmcXN58A==','2025-12-07 15:00:06',NULL),(186,17,'3FqCgEOoUUyf/cJZLTdPOw==','2025-12-07 15:00:06','2025-12-01 14:43:18'),(187,17,'on1d5m8AH0GR9m5htrM0OQ==','2025-12-07 15:00:06',NULL),(188,17,'sGFIK3ANWEOjIKIGqP12DQ==','2025-12-07 15:30:35',NULL),(189,17,'k0OuHAq7O0mpOPih8udB/A==','2025-12-07 15:30:35',NULL),(190,17,'hRrKu/+CeUOd8vtQb5Qaig==','2025-12-07 15:30:35','2025-12-01 14:52:51'),(191,17,'hqktEABn0EKJ3nH4vYiS0A==','2025-12-08 14:43:17','2025-12-01 16:42:57'),(192,17,'Rn6WU6MqSUWXSFoiw8vd5g==','2025-12-08 14:43:17',NULL),(193,17,'RJpfGOskwU2PL0B/GnrQIg==','2025-12-08 14:43:17',NULL),(194,17,'3TPBz31//0u7UDwbVtAfxA==','2025-12-08 14:52:51',NULL),(195,17,'6jC+y0/m+0qxrDL6U6eFmA==','2025-12-08 14:52:51',NULL),(196,17,'q7cLrV5pr0ycBNlM/tNDwA==','2025-12-08 14:52:51','2025-12-01 17:58:01'),(197,17,'1sQfdQv3YUKRwrfleIgcEQ==','2025-12-08 16:42:57',NULL),(198,17,'op79i9rdmk+kuBg58EWwWQ==','2025-12-08 16:42:57',NULL),(199,17,'5dK9F/1Bqkidz82HTfAybQ==','2025-12-08 16:42:57','2025-12-01 17:53:23'),(200,9,'WaErR/YA6k2nuMGkSsIA1g==','2025-12-08 17:48:44',NULL),(201,9,'lyYmbryUMkOiT8unKIa1yw==','2025-12-08 17:51:16',NULL),(202,17,'Y2ubEWVBPkCQ1j04sKlk4w==','2025-12-08 17:53:23',NULL),(203,17,'cLVDvzYS8USPq3DBBvA2XA==','2025-12-08 17:58:01',NULL),(204,17,'soi7qugnL0q+SHd9yt/Mwg==','2025-12-08 17:58:01',NULL),(205,17,'sxd3VTZrskC7JGarcRb5Lg==','2025-12-08 17:58:01',NULL),(206,17,'I1ikDX60lke/Op1Kle/ZNw==','2025-12-08 17:58:24','2025-12-01 21:11:26'),(207,17,'uLM36afbQU6pEzSFRgGiSw==','2025-12-08 21:11:26',NULL),(208,17,'OTlEz51wlEuPjF0brYi8Aw==','2025-12-08 21:11:26',NULL),(209,17,'q3iS2Nzc5Uyumkqt7CPEKA==','2025-12-08 21:11:26',NULL),(210,17,'7L1rj2z4Z0uzsHH4EMTuNQ==','2025-12-08 21:11:26',NULL),(211,17,'MMKHSW57Jku7MdqxN1UQow==','2025-12-08 21:11:26',NULL),(212,17,'g1XEQam2H02K4OB0A5cnJA==','2025-12-08 21:11:26','2025-12-02 14:44:58'),(213,17,'2wkrBehhHkyv21Ch82x3rA==','2025-12-09 11:50:13',NULL),(214,21,'s124CueuSEms6YRq0kaZdQ==','2025-12-09 13:20:57',NULL),(215,21,'Zv0M4wPjJkSHeWmVKhRHsA==','2025-12-09 13:21:27',NULL),(216,21,'Fb/cYiwVCk2WftO/tWPOUQ==','2025-12-09 13:23:59',NULL),(217,21,'T5oUPikJbEujbpw6BMMxkA==','2025-12-09 13:55:05','2025-12-03 16:00:10'),(218,17,'ymJRa2S9Mk64uhh5n2cIAA==','2025-12-09 14:44:58',NULL),(219,17,'dWQI41tiF0OJxOlXS6KFtw==','2025-12-09 14:44:58','2025-12-03 15:58:19'),(220,17,'1a2RsGpMWkWZneMQkAl1VQ==','2025-12-09 14:44:58',NULL),(221,9,'bY27CRbVLUOCGdzxvIGmFA==','2025-12-10 15:57:15',NULL),(222,17,'oiBe3SUX/EC+vx1LNNZjYw==','2025-12-10 15:58:19','2025-12-04 13:55:32'),(223,17,'4fmvwwsuZkKRK2xKWZtq+A==','2025-12-10 15:58:19',NULL),(224,17,'0yfqZph46kCpIpJvYFg7nQ==','2025-12-10 15:58:19',NULL),(225,21,'VsKYDGcCuUSSvXvQzKku0w==','2025-12-10 16:00:10',NULL),(226,21,'Ai77wOBOG06IjcwTTjHOsg==','2025-12-10 16:00:10',NULL),(227,21,'TxthRIlnl0ysf3sKYQHcxA==','2025-12-10 16:00:10','2025-12-04 13:33:02'),(228,21,'buuVP0PkeEiG5V8/SvxJfA==','2025-12-11 13:33:02',NULL),(229,21,'lwtbCls0eE2um57WuLV4/g==','2025-12-11 13:33:02','2025-12-04 14:46:30'),(230,21,'SCV35INp30quIX2EANDR/A==','2025-12-11 13:33:02',NULL),(231,17,'Zz2thQ12BU2DpLk5kFEPhg==','2025-12-11 13:55:32',NULL),(232,17,'UktjV4aXI0S2xKtujdgR7w==','2025-12-11 13:55:32',NULL),(233,17,'0PU+3fqtu0u62+75c6jHoQ==','2025-12-11 13:55:32','2025-12-04 15:01:31'),(234,21,'dZvX+o1jv0uXTaKO1qOGZA==','2025-12-11 14:46:30','2025-12-04 15:52:31'),(235,17,'MRzi2VPSVEy1/gRXciz3/g==','2025-12-11 15:01:31',NULL),(236,17,'quBGwwwS1Um6ohtj2QXlJw==','2025-12-11 15:01:31',NULL),(237,17,'7RWHXzU4O0KBubj8aD38Xg==','2025-12-11 15:01:31','2025-12-04 18:46:38'),(238,21,'FH9idlc0fEalY875kmt8ig==','2025-12-11 15:52:31','2025-12-05 15:20:00'),(239,17,'Gy/Jkv3Y7kaQ0T0bhtHbbA==','2025-12-11 18:46:38','2025-12-05 16:27:05'),(240,21,'7M+R78rmlE+EaIisozkjsw==','2025-12-12 15:20:00','2025-12-05 16:26:21'),(241,21,'cu21Kdub/EqLFFm4bEW2Mw==','2025-12-12 15:20:00',NULL),(242,21,'g3Jn6P0alkeaK65PWUsi6Q==','2025-12-12 15:20:00',NULL),(243,9,'43LI2TL8IkqLfxijzob4qA==','2025-12-12 15:35:32',NULL),(244,21,'KKiA1Qbi+k64Yh/hTQO9xQ==','2025-12-12 16:26:19','2025-12-06 17:42:12'),(245,17,'cbVhQvWzPEmHCYrI/2ULVQ==','2025-12-12 16:27:05','2025-12-07 08:56:29'),(246,9,'/wbiowSc6UeTp+viT3pg6Q==','2025-12-13 17:32:00',NULL),(247,21,'ed6/2NrP+kijq7WlqXJbOA==','2025-12-13 17:42:12',NULL),(248,9,'t4WXsnZYoEGPQpgrgyznrw==','2025-12-13 17:58:39',NULL),(249,9,'5/8m4Q9KgUmhr09NNk3udw==','2025-12-13 18:02:57',NULL),(250,9,'JgaWTU+og0Of1NmnL+zpug==','2025-12-13 18:09:15',NULL),(251,9,'snhGVeZhOkmPUkdrDnhuJA==','2025-12-13 18:14:19',NULL),(252,9,'WbOBwbGNqk66xPRex/fezQ==','2025-12-13 18:25:27',NULL),(253,9,'UVVcR5GVIkiMkg4j6blDzg==','2025-12-14 08:32:06',NULL),(254,9,'0vcHL1gae0OAxJj3U/AvhA==','2025-12-14 08:35:57',NULL),(255,9,'dT/vDiQj0kW3nQmimgwh7w==','2025-12-14 08:39:52',NULL),(256,17,'o6e2gK0mEk+G6r5hl5ZCXg==','2025-12-14 08:56:29','2025-12-07 10:06:27'),(257,9,'DpPKVxwhFkOuTZpYW/qFLQ==','2025-12-14 09:24:37',NULL),(258,9,'fziZC4cRr0Wx8ijxdSPEDA==','2025-12-14 09:49:58',NULL),(259,17,'LIHlqsosyUWB4vNG7A8UKA==','2025-12-14 10:06:27','2025-12-07 11:35:24'),(260,17,'JmmFkJFeL022DZcHHgIHKw==','2025-12-14 11:35:24',NULL),(261,17,'CnEkl1bJR0CNwSu0wMgSdQ==','2025-12-14 11:35:24',NULL),(262,17,'ZWrvaZfvPEqIqRE0pXJFlA==','2025-12-14 11:35:24',NULL);
/*!40000 ALTER TABLE `refresh_tokens` ENABLE KEYS */;
UNLOCK TABLES;

--
-- Table structure for table `roles`
--

DROP TABLE IF EXISTS `roles`;
/*!40101 SET @saved_cs_client     = @@character_set_client */;
/*!50503 SET character_set_client = utf8mb4 */;
CREATE TABLE `roles` (
  `role_id` smallint NOT NULL,
  `name` varchar(50) CHARACTER SET utf8mb4 COLLATE utf8mb4_unicode_ci NOT NULL,
  PRIMARY KEY (`role_id`),
  UNIQUE KEY `name` (`name`)
) ENGINE=InnoDB DEFAULT CHARSET=utf8mb4 COLLATE=utf8mb4_unicode_ci;
/*!40101 SET character_set_client = @saved_cs_client */;

--
-- Dumping data for table `roles`
--

LOCK TABLES `roles` WRITE;
/*!40000 ALTER TABLE `roles` DISABLE KEYS */;
INSERT INTO `roles` VALUES (4,'Администратор'),(2,'Пользователь'),(3,'Тренер');
/*!40000 ALTER TABLE `roles` ENABLE KEYS */;
UNLOCK TABLES;

--
-- Table structure for table `user_meals`
--

DROP TABLE IF EXISTS `user_meals`;
/*!40101 SET @saved_cs_client     = @@character_set_client */;
/*!50503 SET character_set_client = utf8mb4 */;
CREATE TABLE `user_meals` (
  `user_id` int NOT NULL,
  `meal_id` int NOT NULL,
  `meal_time` datetime NOT NULL DEFAULT CURRENT_TIMESTAMP,
  `portion_size` float DEFAULT '1',
  PRIMARY KEY (`user_id`,`meal_id`,`meal_time`),
  KEY `meal_id` (`meal_id`),
  CONSTRAINT `user_meals_ibfk_1` FOREIGN KEY (`user_id`) REFERENCES `users` (`user_id`) ON DELETE CASCADE,
  CONSTRAINT `user_meals_ibfk_2` FOREIGN KEY (`meal_id`) REFERENCES `meals` (`meal_id`) ON DELETE CASCADE
) ENGINE=InnoDB DEFAULT CHARSET=utf8mb4 COLLATE=utf8mb4_unicode_ci;
/*!40101 SET character_set_client = @saved_cs_client */;

--
-- Dumping data for table `user_meals`
--

LOCK TABLES `user_meals` WRITE;
/*!40000 ALTER TABLE `user_meals` DISABLE KEYS */;
INSERT INTO `user_meals` VALUES (1,6,'2025-11-14 12:00:00',1),(1,19,'2025-11-14 18:30:00',1),(2,11,'2025-11-14 13:00:00',1),(2,13,'2025-11-14 19:00:00',1),(3,3,'2025-11-14 14:00:00',1),(3,7,'2025-11-14 10:00:00',1),(5,4,'2025-11-14 09:30:00',1),(5,5,'2025-11-14 13:45:00',1),(9,30,'2025-11-14 14:00:00',1.5),(9,33,'2025-11-14 19:20:00',1);
/*!40000 ALTER TABLE `user_meals` ENABLE KEYS */;
UNLOCK TABLES;

--
-- Table structure for table `user_water_logs`
--

DROP TABLE IF EXISTS `user_water_logs`;
/*!40101 SET @saved_cs_client     = @@character_set_client */;
/*!50503 SET character_set_client = utf8mb4 */;
CREATE TABLE `user_water_logs` (
  `id` int NOT NULL AUTO_INCREMENT,
  `user_id` int NOT NULL,
  `amount_l` float NOT NULL,
  `recorded_at` datetime NOT NULL DEFAULT CURRENT_TIMESTAMP,
  PRIMARY KEY (`id`),
  KEY `user_id` (`user_id`),
  CONSTRAINT `user_water_logs_ibfk_1` FOREIGN KEY (`user_id`) REFERENCES `users` (`user_id`)
) ENGINE=InnoDB AUTO_INCREMENT=68 DEFAULT CHARSET=utf8mb4 COLLATE=utf8mb4_unicode_ci;
/*!40101 SET character_set_client = @saved_cs_client */;

--
-- Dumping data for table `user_water_logs`
--

LOCK TABLES `user_water_logs` WRITE;
/*!40000 ALTER TABLE `user_water_logs` DISABLE KEYS */;
INSERT INTO `user_water_logs` VALUES (1,1,10,'2025-11-13 16:37:14'),(2,20,0,'2025-11-28 13:58:02'),(3,20,0,'2025-11-28 14:17:07'),(4,20,0,'2025-11-28 15:09:04'),(5,20,0,'2025-11-28 15:09:30'),(6,20,0,'2025-11-28 15:09:32'),(7,20,0,'2025-11-28 15:13:42'),(8,20,0,'2025-11-28 15:13:52'),(9,17,0,'2025-11-28 15:17:19'),(10,20,0,'2025-11-28 16:11:20'),(11,17,0,'2025-11-29 14:02:37'),(12,17,0,'2025-11-29 14:07:58'),(13,17,0,'2025-11-29 14:11:18'),(14,17,10,'2025-11-29 14:12:09'),(15,17,250,'2025-11-29 14:12:45'),(16,17,500,'2025-11-29 14:12:48'),(17,17,500,'2025-11-29 14:12:50'),(18,17,500,'2025-11-29 14:12:52'),(19,17,500,'2025-11-29 14:12:54'),(20,17,500,'2025-11-29 14:12:55'),(21,17,250,'2025-11-29 14:12:57'),(22,17,500,'2025-11-29 14:12:59'),(23,17,500,'2025-11-29 14:13:01'),(24,17,500,'2025-11-29 14:13:03'),(25,17,1000,'2025-11-29 15:49:05'),(26,17,1000,'2025-11-29 15:49:07'),(27,17,750,'2025-11-30 11:20:53'),(28,17,1000,'2025-12-01 14:54:08'),(29,17,1000,'2025-12-01 14:54:10'),(30,17,1000,'2025-12-01 14:54:11'),(31,17,1000,'2025-12-01 14:54:13'),(32,17,1000,'2025-12-01 14:54:15'),(33,17,1000,'2025-12-01 14:54:16'),(34,17,1000,'2025-12-01 14:54:18'),(35,17,1000,'2025-12-01 14:54:20'),(36,17,1000,'2025-12-01 14:54:21'),(37,17,1000,'2025-12-01 14:54:23'),(38,17,250,'2025-12-01 14:54:24'),(39,17,250,'2025-12-01 14:54:26'),(40,17,3000,'2025-12-01 14:54:43'),(41,17,2000,'2025-12-01 14:54:50'),(42,17,1050,'2025-12-01 14:54:52'),(43,17,1000,'2025-12-01 14:54:54'),(44,17,1000,'2025-12-01 14:54:56'),(45,17,1000,'2025-12-01 14:54:58'),(46,17,300,'2025-12-01 14:54:59'),(47,17,300,'2025-12-01 14:55:02'),(48,17,1000,'2025-12-01 14:55:03'),(49,17,250,'2025-12-01 14:55:05'),(50,17,1000,'2025-12-01 14:55:06'),(51,17,1000,'2025-12-01 14:55:08'),(52,17,250,'2025-12-01 14:55:09'),(53,17,250,'2025-12-01 14:55:11'),(54,17,250,'2025-12-01 14:55:11'),(55,17,250,'2025-12-01 14:55:13'),(56,17,250,'2025-12-01 14:55:14'),(57,17,250,'2025-12-01 14:55:14'),(58,17,1000,'2025-12-01 14:55:18'),(59,17,1000,'2025-12-01 14:55:20'),(60,17,1000,'2025-12-01 14:55:21'),(61,17,250,'2025-12-01 14:55:22'),(62,17,1000,'2025-12-01 14:55:24'),(63,17,1000,'2025-12-01 14:55:26'),(64,17,250,'2025-12-01 14:55:27'),(65,17,1000,'2025-12-01 14:55:29'),(66,17,200,'2025-12-07 08:40:02'),(67,17,250,'2025-12-07 09:09:44');
/*!40000 ALTER TABLE `user_water_logs` ENABLE KEYS */;
UNLOCK TABLES;

--
-- Table structure for table `users`
--

DROP TABLE IF EXISTS `users`;
/*!40101 SET @saved_cs_client     = @@character_set_client */;
/*!50503 SET character_set_client = utf8mb4 */;
CREATE TABLE `users` (
  `user_id` int NOT NULL AUTO_INCREMENT,
  `username` varchar(50) CHARACTER SET utf8mb4 COLLATE utf8mb4_unicode_ci NOT NULL,
  `email` varchar(100) CHARACTER SET utf8mb4 COLLATE utf8mb4_unicode_ci NOT NULL,
  `password_hash` varchar(255) CHARACTER SET utf8mb4 COLLATE utf8mb4_unicode_ci NOT NULL,
  `gender` enum('male','female') CHARACTER SET utf8mb4 COLLATE utf8mb4_unicode_ci DEFAULT 'male',
  `birth_date` date NOT NULL,
  `height_cm` int NOT NULL,
  `weight_kg` float NOT NULL,
  `created_at` timestamp NULL DEFAULT CURRENT_TIMESTAMP,
  `role_id` smallint NOT NULL,
  `name` varchar(50) CHARACTER SET utf8mb4 COLLATE utf8mb4_unicode_ci NOT NULL,
  `last_name` varchar(70) CHARACTER SET utf8mb4 COLLATE utf8mb4_unicode_ci NOT NULL,
  `patronymic` varchar(60) CHARACTER SET utf8mb4 COLLATE utf8mb4_unicode_ci DEFAULT NULL,
  PRIMARY KEY (`user_id`),
  UNIQUE KEY `email` (`email`),
  UNIQUE KEY `username_UNIQUE` (`username`),
  KEY `fk_role_user_idx` (`role_id`),
  CONSTRAINT `role_user` FOREIGN KEY (`role_id`) REFERENCES `roles` (`role_id`),
  CONSTRAINT `chk_mass` CHECK ((`weight_kg` >= 8))
) ENGINE=InnoDB AUTO_INCREMENT=22 DEFAULT CHARSET=utf8mb4 COLLATE=utf8mb4_unicode_ci;
/*!40101 SET character_set_client = @saved_cs_client */;

--
-- Dumping data for table `users`
--

LOCK TABLES `users` WRITE;
/*!40000 ALTER TABLE `users` DISABLE KEYS */;
INSERT INTO `users` VALUES (1,'string','string@example.ru','string','male','2025-11-01',160,40,'2025-11-01 10:52:33',2,'Евгений','Баранов',NULL),(2,'annbody','ann@example.com','hash456','female','2001-03-22',165,60,'2025-11-01 10:52:33',3,'Аня','Выробаткова',NULL),(3,'name1','name@yandex.ru','wHYH/EJP/oOWKiuUxU5/09YbgCOw2q/GrML94imvmws=','male','2025-11-01',166,49,'2025-11-01 12:32:51',4,'Егор','Баранов',NULL),(5,'name2','name@yandex.ry','pmWkWSBCL51Bfkhn79xPuKBKHz//H6B+mY6G9/eieuM=','male','2025-11-01',150,44,'2025-11-01 12:37:51',2,'Ян','Волков',NULL),(6,'name3','email@yandex.ru','pmWkWSBCL51Bfkhn79xPuKBKHz//H6B+mY6G9/eieuM=','male','2025-11-01',170,42,'2025-11-01 12:40:40',2,'Ян','Барашков',NULL),(7,'string1','string@gogo.johny','RzKH+CmNunFjqJeQiVj3wOrnM+JdLgJ5kuou3JvtL6g=','male','2025-11-01',0,70,'2025-11-01 14:30:45',2,'string','string','string'),(8,'string3','string@gog','RzKH+CmNunFjqJeQiVj3wOrnM+JdLgJ5kuou3JvtL6g=','male','2025-11-01',0,55,'2025-11-01 14:42:49',2,'string','string','string'),(9,'stringlove','user@example.com','OM59JPMuADSMY1tSeXthiqI8RoZfOHVbmjEko6jFfh8=','male','2025-11-01',0,90,'2025-11-01 16:14:14',4,'string','string','string'),(10,'gerov','string','FeKw08M4keuw8e9gnsQZQgwg4yDOlMZfvIwzEkSOsiU=','male','2025-11-01',0,60,'2025-11-01 17:03:22',2,'string','string','string'),(11,'lover','user@examples.com','RzKH+CmNunFjqJeQiVj3wOrnM+JdLgJ5kuou3JvtL6g=','male','2025-11-01',0,80,'2025-11-01 17:06:15',2,'string','string','string'),(12,'1111','11111@mail.ru','0tAup03iyfqx2ALblpwY1AmoZjqWl5d7scmMzdneQ3I=','male','2004-10-10',1111,111,'2025-11-03 17:00:41',2,'11111','11111','1111'),(13,'11111','111@yandex.ru','U0pKjq/NhImvMjVtWnol+Ixwz+BEhTmnxClkwbiXo1k=','male','1111-11-11',111,111,'2025-11-03 17:45:55',2,'1111','1111','1111'),(14,'121212','121212@1212','My0ep6/ymu42ZGw8cpKrXzxCw7mqHw6iWzEqXGtK2Ag=','male','1212-12-12',1212121,21212,'2025-11-03 18:12:46',2,'121212','2121212','2121212'),(15,'121212121','121212@mail.com','My0ep6/ymu42ZGw8cpKrXzxCw7mqHw6iWzEqXGtK2Ag=','male','2122-09-21',1212,1212,'2025-11-03 18:14:01',2,'121212','21212','1212122'),(16,'exam','users@example.com','FeKw08M4keuw8e9gnsQZQgwg4yDOlMZfvIwzEkSOsiU=','male','2025-11-06',0,70,'2025-11-06 17:26:19',2,'Егор','Баранов','Алексеевич'),(17,'Егор','password@email.com','3cHvGet3RKcwcsMMr9uusgu41B2WnJOlsaaG5hgL7wA=','male','2005-12-19',175,60,'2025-11-13 11:58:02',4,'Егор','Баранов','Алексеевич'),(18,'Godot','sample@mail.ru','FeKw08M4keuw8e9gnsQZQgwg4yDOlMZfvIwzEkSOsiU=','male','1111-11-11',175,100,'2025-11-14 16:35:26',2,'Егор','Баранов','Алексеевич'),(19,'Егорчик','egor19-1205.baranov@yandex.ru','x3Xnt1ft5jDNCqERO9ECZhqziCnKUqZCKreChi8mhkY=','male','2022-12-20',111111,111111,'2025-11-15 12:05:58',2,'егор','бааоаокоаопоо','воаоаоалалу'),(20,'Denob','trainer@mail.com','FeKw08M4keuw8e9gnsQZQgwg4yDOlMZfvIwzEkSOsiU=','male','2000-11-11',180,80,'2025-11-25 17:20:43',3,'Егор','Баранов',NULL),(21,'Student','profile@mail.com','kRwAzJ5YOD3UV8AUmmrpXGvD6oKmFM73sPmdyFbMwls=','male','2000-11-11',170,70,'2025-12-02 13:20:57',4,'Егор','Баранов','Алексеевич');
/*!40000 ALTER TABLE `users` ENABLE KEYS */;
UNLOCK TABLES;

--
-- Table structure for table `workout_completion_exercises`
--

DROP TABLE IF EXISTS `workout_completion_exercises`;
/*!40101 SET @saved_cs_client     = @@character_set_client */;
/*!50503 SET character_set_client = utf8mb4 */;
CREATE TABLE `workout_completion_exercises` (
  `id` int NOT NULL AUTO_INCREMENT,
  `completion_id` int NOT NULL,
  `exercise_id` int NOT NULL,
  `weight` float DEFAULT NULL,
  PRIMARY KEY (`id`),
  KEY `completion_id` (`completion_id`),
  KEY `exercise_id` (`exercise_id`),
  CONSTRAINT `workout_completion_exercises_ibfk_1` FOREIGN KEY (`completion_id`) REFERENCES `workout_completions` (`completion_id`) ON DELETE CASCADE,
  CONSTRAINT `workout_completion_exercises_ibfk_2` FOREIGN KEY (`exercise_id`) REFERENCES `exercises` (`exercise_id`) ON DELETE CASCADE
) ENGINE=InnoDB AUTO_INCREMENT=41 DEFAULT CHARSET=utf8mb4 COLLATE=utf8mb4_0900_ai_ci;
/*!40101 SET character_set_client = @saved_cs_client */;

--
-- Dumping data for table `workout_completion_exercises`
--

LOCK TABLES `workout_completion_exercises` WRITE;
/*!40000 ALTER TABLE `workout_completion_exercises` DISABLE KEYS */;
INSERT INTO `workout_completion_exercises` VALUES (32,18,5,9),(33,18,6,30),(34,18,33,10),(35,19,5,100),(36,19,6,100),(37,19,33,100),(38,20,5,130),(39,20,6,120),(40,20,33,120);
/*!40000 ALTER TABLE `workout_completion_exercises` ENABLE KEYS */;
UNLOCK TABLES;

--
-- Table structure for table `workout_completions`
--

DROP TABLE IF EXISTS `workout_completions`;
/*!40101 SET @saved_cs_client     = @@character_set_client */;
/*!50503 SET character_set_client = utf8mb4 */;
CREATE TABLE `workout_completions` (
  `completion_id` int NOT NULL AUTO_INCREMENT,
  `workout_id` int NOT NULL,
  `user_id` int NOT NULL,
  `completed_at` datetime NOT NULL DEFAULT CURRENT_TIMESTAMP,
  PRIMARY KEY (`completion_id`),
  KEY `workout_id` (`workout_id`),
  KEY `user_id` (`user_id`),
  CONSTRAINT `workout_completions_ibfk_1` FOREIGN KEY (`workout_id`) REFERENCES `workouts` (`workout_id`) ON DELETE CASCADE,
  CONSTRAINT `workout_completions_ibfk_2` FOREIGN KEY (`user_id`) REFERENCES `users` (`user_id`) ON DELETE CASCADE
) ENGINE=InnoDB AUTO_INCREMENT=21 DEFAULT CHARSET=utf8mb4 COLLATE=utf8mb4_0900_ai_ci;
/*!40101 SET character_set_client = @saved_cs_client */;

--
-- Dumping data for table `workout_completions`
--

LOCK TABLES `workout_completions` WRITE;
/*!40000 ALTER TABLE `workout_completions` DISABLE KEYS */;
INSERT INTO `workout_completions` VALUES (18,25,17,'2025-12-07 10:07:56'),(19,25,17,'2025-12-07 10:12:22'),(20,25,17,'2025-12-07 11:36:12');
/*!40000 ALTER TABLE `workout_completions` ENABLE KEYS */;
UNLOCK TABLES;

--
-- Table structure for table `workout_exercises`
--

DROP TABLE IF EXISTS `workout_exercises`;
/*!40101 SET @saved_cs_client     = @@character_set_client */;
/*!50503 SET character_set_client = utf8mb4 */;
CREATE TABLE `workout_exercises` (
  `workout_id` int NOT NULL,
  `exercise_id` int NOT NULL,
  `sets` int DEFAULT '3',
  `reps` int DEFAULT '10',
  `weight_kg` float DEFAULT '0',
  PRIMARY KEY (`workout_id`,`exercise_id`),
  KEY `exercise_id` (`exercise_id`),
  CONSTRAINT `workout_exercises_ibfk_1` FOREIGN KEY (`workout_id`) REFERENCES `workouts` (`workout_id`) ON DELETE CASCADE,
  CONSTRAINT `workout_exercises_ibfk_2` FOREIGN KEY (`exercise_id`) REFERENCES `exercises` (`exercise_id`) ON DELETE CASCADE
) ENGINE=InnoDB DEFAULT CHARSET=utf8mb4 COLLATE=utf8mb4_unicode_ci;
/*!40101 SET character_set_client = @saved_cs_client */;

--
-- Dumping data for table `workout_exercises`
--

LOCK TABLES `workout_exercises` WRITE;
/*!40000 ALTER TABLE `workout_exercises` DISABLE KEYS */;
INSERT INTO `workout_exercises` VALUES (4,5,3,15,0),(4,6,3,10,18),(6,5,2,26,100),(6,6,1,2,1),(18,6,3,10,0),(19,7,3,10,0),(19,8,3,10,0),(19,25,3,10,0),(19,26,3,10,0),(19,28,3,10,0),(19,30,3,10,0),(19,31,3,10,0),(19,35,3,10,0),(22,35,3,10,0),(22,37,3,10,0),(24,5,3,10,0),(24,6,3,10,0),(25,5,3,10,130),(25,6,3,10,140),(25,33,3,10,150),(26,5,3,10,0),(27,7,3,10,0),(27,10,3,10,0),(27,11,3,10,0),(27,16,3,10,0);
/*!40000 ALTER TABLE `workout_exercises` ENABLE KEYS */;
UNLOCK TABLES;

--
-- Table structure for table `workouts`
--

DROP TABLE IF EXISTS `workouts`;
/*!40101 SET @saved_cs_client     = @@character_set_client */;
/*!50503 SET character_set_client = utf8mb4 */;
CREATE TABLE `workouts` (
  `workout_id` int NOT NULL AUTO_INCREMENT,
  `user_id` int NOT NULL,
  `name` varchar(100) CHARACTER SET utf8mb4 COLLATE utf8mb4_unicode_ci NOT NULL,
  `duration_min` int DEFAULT NULL,
  PRIMARY KEY (`workout_id`),
  KEY `user_id` (`user_id`),
  CONSTRAINT `workouts_ibfk_1` FOREIGN KEY (`user_id`) REFERENCES `users` (`user_id`) ON DELETE CASCADE
) ENGINE=InnoDB AUTO_INCREMENT=28 DEFAULT CHARSET=utf8mb4 COLLATE=utf8mb4_unicode_ci;
/*!40101 SET character_set_client = @saved_cs_client */;

--
-- Dumping data for table `workouts`
--

LOCK TABLES `workouts` WRITE;
/*!40000 ALTER TABLE `workouts` DISABLE KEYS */;
INSERT INTO `workouts` VALUES (1,1,'Тренировка груди',45),(2,2,'Тренировка спины',50),(3,3,'Кардиотренировка',30),(4,5,'Ноги и плечи',60),(5,9,'Полный бодибилдинг комплекс',75),(6,17,'Тренировка груди',45),(7,17,'Тренировка спины',50),(8,17,'Кардиотренировка',30),(9,17,'Ноги и плечи',60),(10,17,'Полный бодибилдинг комплекс',75),(18,19,'Тренировка',50),(19,17,'тренировочка',15),(20,17,'Новая тренировка',5),(21,17,'Новая тренировка',660),(22,19,'Новая тренировка',707),(23,17,'Новая тренировка',5),(24,17,'1121',10),(25,17,'Крутая',59),(26,21,'Новая тренировка',30),(27,21,'Тренировка на понедельник',30);
/*!40000 ALTER TABLE `workouts` ENABLE KEYS */;
UNLOCK TABLES;
SET @@SESSION.SQL_LOG_BIN = @MYSQLDUMP_TEMP_LOG_BIN;
/*!40103 SET TIME_ZONE=@OLD_TIME_ZONE */;

/*!40101 SET SQL_MODE=@OLD_SQL_MODE */;
/*!40014 SET FOREIGN_KEY_CHECKS=@OLD_FOREIGN_KEY_CHECKS */;
/*!40014 SET UNIQUE_CHECKS=@OLD_UNIQUE_CHECKS */;
/*!40101 SET CHARACTER_SET_CLIENT=@OLD_CHARACTER_SET_CLIENT */;
/*!40101 SET CHARACTER_SET_RESULTS=@OLD_CHARACTER_SET_RESULTS */;
/*!40101 SET COLLATION_CONNECTION=@OLD_COLLATION_CONNECTION */;
/*!40111 SET SQL_NOTES=@OLD_SQL_NOTES */;

-- Dump completed on 2025-12-07 15:19:31
